{
  "config": "cfgs/PointGPT-S/finetune_scan_objbg.yaml",
  "ckpt": "checkpoints/official/PointGPT-S/finetune_scan_objbg.pth",
  "split": "test",
  "conditions": [
    {
      "acc": 0.9139414802065404,
      "per_class_acc": {
        "bag": 0.6470588235294118,
        "bin": 0.925,
        "box": 0.8571428571428571,
        "cabinet": 0.8933333333333333,
        "chair": 0.9871794871794872,
        "desk": 0.9333333333333333,
        "display": 0.9523809523809523,
        "door": 0.9285714285714286,
        "shelf": 1.0,
        "table": 0.8333333333333334,
        "bed": 0.8181818181818182,
        "pillow": 0.8571428571428571,
        "sink": 0.875,
        "sofa": 0.9761904761904762,
        "toilet": 0.9411764705882353
      },
      "name": "clean"
    },
    {
      "acc": 0.9087779690189329,
      "per_class_acc": {
        "bag": 0.8235294117647058,
        "bin": 0.875,
        "box": 0.8571428571428571,
        "cabinet": 0.8933333333333333,
        "chair": 0.9871794871794872,
        "desk": 0.9,
        "display": 0.9761904761904762,
        "door": 0.9285714285714286,
        "shelf": 0.9795918367346939,
        "table": 0.8148148148148148,
        "bed": 0.8636363636363636,
        "pillow": 0.8571428571428571,
        "sink": 0.8333333333333334,
        "sofa": 0.9523809523809523,
        "toilet": 0.8823529411764706
      },
      "name": "random_keep80"
    },
    {
      "acc": 0.8674698795180723,
      "per_class_acc": {
        "bag": 0.7647058823529411,
        "bin": 0.9,
        "box": 0.8571428571428571,
        "cabinet": 0.8133333333333334,
        "chair": 0.9871794871794872,
        "desk": 0.8666666666666667,
        "display": 0.9285714285714286,
        "door": 0.8571428571428571,
        "shelf": 0.9387755102040817,
        "table": 0.7222222222222222,
        "bed": 0.9090909090909091,
        "pillow": 0.8095238095238095,
        "sink": 0.75,
        "sofa": 0.8571428571428571,
        "toilet": 0.9411764705882353
      },
      "name": "random_keep50"
    },
    {
      "acc": 0.423407917383821,
      "per_class_acc": {
        "bag": 0.6470588235294118,
        "bin": 0.15,
        "box": 0.8214285714285714,
        "cabinet": 0.013333333333333334,
        "chair": 0.9102564102564102,
        "desk": 0.26666666666666666,
        "display": 0.6190476190476191,
        "door": 0.0,
        "shelf": 0.8367346938775511,
        "table": 0.7777777777777778,
        "bed": 0.045454545454545456,
        "pillow": 0.38095238095238093,
        "sink": 0.3333333333333333,
        "sofa": 0.0,
        "toilet": 0.0
      },
      "name": "random_keep20"
    },
    {
      "acc": 0.2685025817555938,
      "per_class_acc": {
        "bag": 0.0,
        "bin": 0.0,
        "box": 0.75,
        "cabinet": 0.0,
        "chair": 0.7948717948717948,
        "desk": 0.03333333333333333,
        "display": 0.0,
        "door": 0.0,
        "shelf": 0.6326530612244898,
        "table": 0.7407407407407407,
        "bed": 0.0,
        "pillow": 0.0,
        "sink": 0.041666666666666664,
        "sofa": 0.0,
        "toilet": 0.0
      },
      "name": "random_keep10"
    },
    {
      "acc": 0.8726333907056799,
      "per_class_acc": {
        "bag": 0.6470588235294118,
        "bin": 0.85,
        "box": 0.8571428571428571,
        "cabinet": 0.8666666666666667,
        "chair": 0.9743589743589743,
        "desk": 0.9,
        "display": 0.9523809523809523,
        "door": 0.8809523809523809,
        "shelf": 0.9591836734693877,
        "table": 0.7037037037037037,
        "bed": 0.9090909090909091,
        "pillow": 0.7619047619047619,
        "sink": 0.8333333333333334,
        "sofa": 0.9285714285714286,
        "toilet": 0.7647058823529411
      },
      "name": "structured_keep80"
    },
    {
      "acc": 0.7383820998278829,
      "per_class_acc": {
        "bag": 0.5294117647058824,
        "bin": 0.65,
        "box": 0.7857142857142857,
        "cabinet": 0.76,
        "chair": 0.9358974358974359,
        "desk": 0.4666666666666667,
        "display": 0.9285714285714286,
        "door": 0.7857142857142857,
        "shelf": 0.8367346938775511,
        "table": 0.6666666666666666,
        "bed": 0.6363636363636364,
        "pillow": 0.6666666666666666,
        "sink": 0.625,
        "sofa": 0.6904761904761905,
        "toilet": 0.4117647058823529
      },
      "name": "structured_keep50"
    },
    {
      "acc": 0.22030981067125646,
      "per_class_acc": {
        "bag": 0.058823529411764705,
        "bin": 0.075,
        "box": 0.7857142857142857,
        "cabinet": 0.04,
        "chair": 0.38461538461538464,
        "desk": 0.0,
        "display": 0.23809523809523808,
        "door": 0.023809523809523808,
        "shelf": 0.6938775510204082,
        "table": 0.37037037037037035,
        "bed": 0.0,
        "pillow": 0.09523809523809523,
        "sink": 0.041666666666666664,
        "sofa": 0.0,
        "toilet": 0.058823529411764705
      },
      "name": "structured_keep20"
    },
    {
      "acc": 0.13080895008605853,
      "per_class_acc": {
        "bag": 0.0,
        "bin": 0.0,
        "box": 0.8928571428571429,
        "cabinet": 0.0,
        "chair": 0.14102564102564102,
        "desk": 0.0,
        "display": 0.14285714285714285,
        "door": 0.0,
        "shelf": 0.4489795918367347,
        "table": 0.2222222222222222,
        "bed": 0.0,
        "pillow": 0.0,
        "sink": 0.0,
        "sofa": 0.0,
        "toilet": 0.0
      },
      "name": "structured_keep10"
    },
    {
      "acc": 0.10327022375215146,
      "per_class_acc": {
        "bag": 0.058823529411764705,
        "bin": 0.025,
        "box": 0.0,
        "cabinet": 0.0,
        "chair": 0.0,
        "desk": 0.0,
        "display": 0.047619047619047616,
        "door": 0.0,
        "shelf": 0.9387755102040817,
        "table": 0.037037037037037035,
        "bed": 0.0,
        "pillow": 0.3333333333333333,
        "sink": 0.041666666666666664,
        "sofa": 0.0,
        "toilet": 0.0
      },
      "name": "local_jitter80"
    },
    {
      "acc": 0.22547332185886404,
      "per_class_acc": {
        "bag": 0.47058823529411764,
        "bin": 0.275,
        "box": 0.25,
        "cabinet": 0.0,
        "chair": 0.23076923076923078,
        "desk": 0.06666666666666667,
        "display": 0.42857142857142855,
        "door": 0.0,
        "shelf": 1.0,
        "table": 0.05555555555555555,
        "bed": 0.045454545454545456,
        "pillow": 0.3333333333333333,
        "sink": 0.25,
        "sofa": 0.023809523809523808,
        "toilet": 0.0
      },
      "name": "local_jitter50"
    },
    {
      "acc": 0.6660929432013769,
      "per_class_acc": {
        "bag": 0.8235294117647058,
        "bin": 0.625,
        "box": 0.5357142857142857,
        "cabinet": 0.49333333333333335,
        "chair": 0.9230769230769231,
        "desk": 0.5666666666666667,
        "display": 0.8809523809523809,
        "door": 0.4523809523809524,
        "shelf": 1.0,
        "table": 0.5555555555555556,
        "bed": 0.5454545454545454,
        "pillow": 0.6666666666666666,
        "sink": 0.5,
        "sofa": 0.5952380952380952,
        "toilet": 0.5294117647058824
      },
      "name": "local_jitter20"
    },
    {
      "acc": 0.774526678141136,
      "per_class_acc": {
        "bag": 0.5882352941176471,
        "bin": 0.75,
        "box": 0.7142857142857143,
        "cabinet": 0.6933333333333334,
        "chair": 0.9615384615384616,
        "desk": 0.7666666666666667,
        "display": 0.7857142857142857,
        "door": 0.6428571428571429,
        "shelf": 0.9387755102040817,
        "table": 0.7037037037037037,
        "bed": 0.7727272727272727,
        "pillow": 0.8571428571428571,
        "sink": 0.6666666666666666,
        "sofa": 0.7619047619047619,
        "toilet": 0.7647058823529411
      },
      "name": "local_jitter10"
    },
    {
      "acc": 0.18932874354561102,
      "per_class_acc": {
        "bag": 0.0,
        "bin": 0.0,