{
  "config": "cfgs/PointGPT-S/finetune_scan_objonly.yaml",
  "ckpt": "checkpoints/official/PointGPT-S/finetune_scan_objonly.pth",
  "split": "test",
  "conditions": [
    {
      "acc": 0.9036144578313253,
      "per_class_acc": {
        "bag": 0.9411764705882353,
        "bin": 0.975,
        "box": 0.8214285714285714,
        "cabinet": 0.8666666666666667,
        "chair": 0.9871794871794872,
        "desk": 0.9,
        "display": 0.8809523809523809,
        "door": 0.9523809523809523,
        "shelf": 0.8979591836734694,
        "table": 0.8703703703703703,
        "bed": 0.9090909090909091,
        "pillow": 0.8095238095238095,
        "sink": 0.75,
        "sofa": 0.9047619047619048,
        "toilet": 1.0
      },
      "name": "clean"
    },
    {
      "acc": 0.891566265060241,
      "per_class_acc": {
        "bag": 0.8823529411764706,
        "bin": 0.925,
        "box": 0.7142857142857143,
        "cabinet": 0.8666666666666667,
        "chair": 0.9871794871794872,
        "desk": 0.7666666666666667,
        "display": 0.9047619047619048,
        "door": 0.9523809523809523,
        "shelf": 0.9183673469387755,
        "table": 0.8888888888888888,
        "bed": 0.9545454545454546,
        "pillow": 0.8571428571428571,
        "sink": 0.75,
        "sofa": 0.9523809523809523,
        "toilet": 0.7647058823529411
      },
      "name": "random_keep80"
    },
    {
      "acc": 0.8777969018932874,
      "per_class_acc": {
        "bag": 0.8235294117647058,
        "bin": 0.95,
        "box": 0.8571428571428571,
        "cabinet": 0.8266666666666667,
        "chair": 0.9871794871794872,
        "desk": 0.8333333333333334,
        "display": 0.8333333333333334,
        "door": 0.9285714285714286,
        "shelf": 0.8979591836734694,
        "table": 0.8518518518518519,
        "bed": 0.9090909090909091,
        "pillow": 0.8095238095238095,
        "sink": 0.6666666666666666,
        "sofa": 0.9523809523809523,
        "toilet": 0.7647058823529411
      },
      "name": "random_keep50"
    },
    {
      "acc": 0.5060240963855421,
      "per_class_acc": {
        "bag": 0.5294117647058824,
        "bin": 0.6,
        "box": 0.5,
        "cabinet": 0.28,
        "chair": 0.7051282051282052,
        "desk": 0.5,
        "display": 0.35714285714285715,
        "door": 0.11904761904761904,
        "shelf": 0.9795918367346939,
        "table": 0.4444444444444444,
        "bed": 0.5,
        "pillow": 0.7619047619047619,
        "sink": 0.5,
        "sofa": 0.5714285714285714,
        "toilet": 0.058823529411764705
      },
      "name": "random_keep20"
    },
    {
      "acc": 0.27882960413080893,
      "per_class_acc": {
        "bag": 0.0,
        "bin": 0.0,
        "box": 0.0,
        "cabinet": 0.24,
        "chair": 0.5897435897435898,
        "desk": 0.06666666666666667,
        "display": 0.047619047619047616,
        "door": 0.023809523809523808,
        "shelf": 0.9183673469387755,
        "table": 0.1111111111111111,
        "bed": 0.0,
        "pillow": 0.3333333333333333,
        "sink": 0.3333333333333333,
        "sofa": 0.6428571428571429,
        "toilet": 0.0
      },
      "name": "random_keep10"
    },
    {
      "acc": 0.8588640275387264,
      "per_class_acc": {
        "bag": 0.8823529411764706,
        "bin": 0.95,
        "box": 0.75,
        "cabinet": 0.7733333333333333,
        "chair": 1.0,
        "desk": 0.7333333333333333,
        "display": 0.8809523809523809,
        "door": 0.8571428571428571,
        "shelf": 0.9183673469387755,
        "table": 0.8148148148148148,
        "bed": 0.9545454545454546,
        "pillow": 0.7142857142857143,
        "sink": 0.7083333333333334,
        "sofa": 0.8809523809523809,
        "toilet": 0.8823529411764706
      },
      "name": "structured_keep80"
    },
    {
      "acc": 0.7418244406196214,
      "per_class_acc": {
        "bag": 0.7647058823529411,
        "bin": 0.725,
        "box": 0.8214285714285714,
        "cabinet": 0.8133333333333334,
        "chair": 0.8717948717948718,
        "desk": 0.36666666666666664,
        "display": 0.7380952380952381,
        "door": 0.6666666666666666,
        "shelf": 0.7755102040816326,
        "table": 0.7592592592592593,
        "bed": 0.5909090909090909,
        "pillow": 0.8095238095238095,
        "sink": 0.625,
        "sofa": 0.8333333333333334,
        "toilet": 0.47058823529411764
      },
      "name": "structured_keep50"
    },
    {
      "acc": 0.29259896729776247,
      "per_class_acc": {
        "bag": 0.0,
        "bin": 0.15,
        "box": 0.14285714285714285,
        "cabinet": 0.6,
        "chair": 0.38461538461538464,
        "desk": 0.06666666666666667,
        "display": 0.21428571428571427,
        "door": 0.09523809523809523,
        "shelf": 0.5510204081632653,
        "table": 0.2962962962962963,
        "bed": 0.18181818181818182,
        "pillow": 0.38095238095238093,
        "sink": 0.25,
        "sofa": 0.21428571428571427,
        "toilet": 0.0
      },
      "name": "structured_keep20"
    },
    {
      "acc": 0.13769363166953527,
      "per_class_acc": {
        "bag": 0.0,
        "bin": 0.0,
        "box": 0.0,
        "cabinet": 0.7333333333333333,
        "chair": 0.01282051282051282,
        "desk": 0.13333333333333333,
        "display": 0.0,
        "door": 0.023809523809523808,
        "shelf": 0.12244897959183673,
        "table": 0.018518518518518517,
        "bed": 0.0,
        "pillow": 0.0,
        "sink": 0.16666666666666666,
        "sofa": 0.19047619047619047,
        "toilet": 0.0
      },
      "name": "structured_keep10"
    },
    {
      "acc": 0.1549053356282272,
      "per_class_acc": {
        "bag": 0.7647058823529411,
        "bin": 0.575,
        "box": 0.0,
        "cabinet": 0.013333333333333334,
        "chair": 0.038461538461538464,
        "desk": 0.0,
        "display": 0.0,
        "door": 0.0,
        "shelf": 0.9795918367346939,
        "table": 0.018518518518518517,
        "bed": 0.0,
        "pillow": 0.047619047619047616,
        "sink": 0.0,
        "sofa": 0.0,
        "toilet": 0.0
      },
      "name": "local_jitter80"
    },
    {
      "acc": 0.22719449225473323,
      "per_class_acc": {
        "bag": 0.7058823529411765,
        "bin": 0.725,
        "box": 0.25,
        "cabinet": 0.04,
        "chair": 0.11538461538461539,
        "desk": 0.03333333333333333,
        "display": 0.07142857142857142,
        "door": 0.0,
        "shelf": 0.9795918367346939,
        "table": 0.18518518518518517,
        "bed": 0.13636363636363635,
        "pillow": 0.3333333333333333,
        "sink": 0.0,
        "sofa": 0.0,
        "toilet": 0.0
      },
      "name": "local_jitter50"
    },
    {
      "acc": 0.5146299483648882,
      "per_class_acc": {
        "bag": 0.47058823529411764,
        "bin": 0.85,
        "box": 0.5,
        "cabinet": 0.16,
        "chair": 0.8589743589743589,
        "desk": 0.36666666666666664,
        "display": 0.42857142857142855,
        "door": 0.07142857142857142,
        "shelf": 0.9795918367346939,
        "table": 0.6296296296296297,
        "bed": 0.7727272727272727,
        "pillow": 0.42857142857142855,
        "sink": 0.3333333333333333,
        "sofa": 0.3333333333333333,
        "toilet": 0.11764705882352941
      },
      "name": "local_jitter20"
    },
    {
      "acc": 0.7452667814113597,
      "per_class_acc": {
        "bag": 0.6470588235294118,
        "bin": 0.875,
        "box": 0.6071428571428571,
        "cabinet": 0.5866666666666667,
        "chair": 0.9615384615384616,
        "desk": 0.6,
        "display": 0.7857142857142857,
        "door": 0.5238095238095238,
        "shelf": 0.9591836734693877,
        "table": 0.7407407407407407,
        "bed": 0.9545454545454546,
        "pillow": 0.6666666666666666,
        "sink": 0.4583333333333333,
        "sofa": 0.8333333333333334,
        "toilet": 0.5882352941176471
      },
      "name": "local_jitter10"
    },
    {
      "acc": 0.17900172117039587,