{
  "config": "cfgs/PointGPT-S/finetune_scan_hardest.yaml",
  "ckpt": "checkpoints/official/PointGPT-S/finetune_scan_hardest.pth",
  "split": "test",
  "conditions": [
    {
      "acc": 0.8705759888965996,
      "per_class_acc": {
        "bag": 0.7228915662650602,
        "bin": 0.8743718592964824,
        "box": 0.8120300751879699,
        "cabinet": 0.8521505376344086,
        "chair": 0.958974358974359,
        "desk": 0.82,
        "display": 0.9509803921568627,
        "door": 0.9333333333333333,
        "shelf": 0.8838174273858921,
        "table": 0.7444444444444445,
        "bed": 0.8454545454545455,
        "pillow": 0.8380952380952381,
        "sink": 0.775,
        "sofa": 0.9476190476190476,
        "toilet": 0.8941176470588236
      },
      "name": "clean"
    },
    {
      "acc": 0.8636363636363636,
      "per_class_acc": {
        "bag": 0.6626506024096386,
        "bin": 0.8894472361809045,
        "box": 0.8045112781954887,
        "cabinet": 0.8306451612903226,
        "chair": 0.9615384615384616,
        "desk": 0.82,
        "display": 0.946078431372549,
        "door": 0.919047619047619,
        "shelf": 0.8921161825726142,
        "table": 0.7296296296296296,
        "bed": 0.8727272727272727,
        "pillow": 0.8095238095238095,
        "sink": 0.7666666666666667,
        "sofa": 0.9428571428571428,
        "toilet": 0.8705882352941177
      },
      "name": "random_keep80"
    },
    {
      "acc": 0.8438584316446912,
      "per_class_acc": {
        "bag": 0.7951807228915663,
        "bin": 0.8442211055276382,
        "box": 0.7819548872180451,
        "cabinet": 0.8306451612903226,
        "chair": 0.9384615384615385,
        "desk": 0.84,
        "display": 0.9264705882352942,
        "door": 0.8761904761904762,
        "shelf": 0.9045643153526971,
        "table": 0.7037037037037037,
        "bed": 0.8727272727272727,
        "pillow": 0.7904761904761904,
        "sink": 0.6916666666666667,
        "sofa": 0.861904761904762,
        "toilet": 0.8117647058823529
      },
      "name": "random_keep50"
    },
    {
      "acc": 0.4118667591950035,
      "per_class_acc": {
        "bag": 0.5903614457831325,
        "bin": 0.4371859296482412,
        "box": 0.8045112781954887,
        "cabinet": 0.3629032258064516,
        "chair": 0.45897435897435895,
        "desk": 0.5333333333333333,
        "display": 0.6862745098039216,
        "door": 0.01904761904761905,
        "shelf": 0.7717842323651453,
        "table": 0.6148148148148148,
        "bed": 0.07272727272727272,
        "pillow": 0.11428571428571428,
        "sink": 0.25,
        "sofa": 0.0,
        "toilet": 0.047058823529411764
      },
      "name": "random_keep20"
    },
    {
      "acc": 0.20784177654406663,
      "per_class_acc": {
        "bag": 0.0,
        "bin": 0.0,
        "box": 0.556390977443609,
        "cabinet": 0.09946236559139784,
        "chair": 0.041025641025641026,
        "desk": 0.2,
        "display": 0.7794117647058824,
        "door": 0.0,
        "shelf": 0.7966804979253111,
        "table": 0.337037037037037,
        "bed": 0.0,
        "pillow": 0.0,
        "sink": 0.0,
        "sofa": 0.0,
        "toilet": 0.0
      },
      "name": "random_keep10"
    },
    {
      "acc": 0.8324080499653018,
      "per_class_acc": {
        "bag": 0.6867469879518072,
        "bin": 0.8241206030150754,
        "box": 0.7744360902255639,
        "cabinet": 0.8225806451612904,
        "chair": 0.9282051282051282,
        "desk": 0.76,
        "display": 0.9019607843137255,
        "door": 0.8857142857142857,
        "shelf": 0.8464730290456431,
        "table": 0.7222222222222222,
        "bed": 0.8454545454545455,
        "pillow": 0.7619047619047619,
        "sink": 0.775,
        "sofa": 0.919047619047619,
        "toilet": 0.7647058823529411
      },
      "name": "structured_keep80"
    },
    {
      "acc": 0.6589174184594032,
      "per_class_acc": {
        "bag": 0.6144578313253012,
        "bin": 0.6884422110552764,
        "box": 0.7218045112781954,
        "cabinet": 0.782258064516129,
        "chair": 0.7256410256410256,
        "desk": 0.48,
        "display": 0.8333333333333334,
        "door": 0.6761904761904762,
        "shelf": 0.6182572614107884,
        "table": 0.6037037037037037,
        "bed": 0.509090909090909,
        "pillow": 0.5904761904761905,
        "sink": 0.6166666666666667,
        "sofa": 0.5142857142857142,
        "toilet": 0.5294117647058824
      },
      "name": "structured_keep50"
    },
    {
      "acc": 0.20437196391394866,
      "per_class_acc": {
        "bag": 0.024096385542168676,
        "bin": 0.11557788944723618,
        "box": 0.39097744360902253,
        "cabinet": 0.3575268817204301,
        "chair": 0.028205128205128206,
        "desk": 0.04,
        "display": 0.7990196078431373,
        "door": 0.0380952380952381,
        "shelf": 0.3651452282157676,
        "table": 0.35185185185185186,
        "bed": 0.0,
        "pillow": 0.01904761904761905,
        "sink": 0.05,
        "sofa": 0.0,
        "toilet": 0.0
      },
      "name": "structured_keep20"
    },
    {
      "acc": 0.09680777238029147,
      "per_class_acc": {
        "bag": 0.0,
        "bin": 0.0,
        "box": 0.022556390977443608,
        "cabinet": 0.08064516129032258,
        "chair": 0.0,
        "desk": 0.0,
        "display": 0.9607843137254902,
        "door": 0.0,
        "shelf": 0.12863070539419086,
        "table": 0.07037037037037037,
        "bed": 0.0,
        "pillow": 0.0,
        "sink": 0.0,
        "sofa": 0.0,
        "toilet": 0.0
      },
      "name": "structured_keep10"
    },
    {
      "acc": 0.15232477446217904,
      "per_class_acc": {
        "bag": 0.3493975903614458,
        "bin": 0.02512562814070352,
        "box": 0.0,
        "cabinet": 0.002688172043010753,
        "chair": 0.5282051282051282,
        "desk": 0.06,
        "display": 0.0,
        "door": 0.0,
        "shelf": 0.7759336099585062,
        "table": 0.007407407407407408,
        "bed": 0.0,
        "pillow": 0.0,
        "sink": 0.0,
        "sofa": 0.0,
        "toilet": 0.0
      },
      "name": "local_jitter80"
    },
    {
      "acc": 0.23074253990284524,
      "per_class_acc": {
        "bag": 0.5301204819277109,
        "bin": 0.23618090452261306,
        "box": 0.12030075187969924,
        "cabinet": 0.051075268817204304,
        "chair": 0.7333333333333333,
        "desk": 0.32666666666666666,
        "display": 0.049019607843137254,
        "door": 0.03333333333333333,
        "shelf": 0.6390041493775933,
        "table": 0.08518518518518518,
        "bed": 0.06363636363636363,
        "pillow": 0.0,
        "sink": 0.008333333333333333,
        "sofa": 0.009523809523809525,
        "toilet": 0.0
      },
      "name": "local_jitter50"
    },
    {
      "acc": 0.5301873698820264,
      "per_class_acc": {
        "bag": 0.5421686746987951,
        "bin": 0.5125628140703518,
        "box": 0.5112781954887218,
        "cabinet": 0.40591397849462363,
        "chair": 0.8589743589743589,
        "desk": 0.68,
        "display": 0.4117647058823529,
        "door": 0.5857142857142857,
        "shelf": 0.7136929460580913,
        "table": 0.6148148148148148,
        "bed": 0.36363636363636365,
        "pillow": 0.17142857142857143,
        "sink": 0.2833333333333333,
        "sofa": 0.3333333333333333,
        "toilet": 0.21176470588235294
      },
      "name": "local_jitter20"
    },
    {
      "acc": 0.6731436502428869,
      "per_class_acc": {
        "bag": 0.6626506024096386,
        "bin": 0.6482412060301508,
        "box": 0.6616541353383458,
        "cabinet": 0.5806451612903226,
        "chair": 0.8974358974358975,
        "desk": 0.7066666666666667,
        "display": 0.6568627450980392,
        "door": 0.7095238095238096,
        "shelf": 0.7842323651452282,
        "table": 0.7296296296296296,
        "bed": 0.45454545454545453,
        "pillow": 0.4666666666666667,
        "sink": 0.5333333333333333,