{
  "config": "cfgs/PointGPT-S/finetune_scan_objbg.yaml",
  "ckpt": "checkpoints/official/PointGPT-S/finetune_scan_objbg.pth",
  "split": "test",
  "radius": 0.22,
  "voxel_grid": 6,
  "rows": [
    {
      "group_mode": "fps_knn",
      "condition": "clean",
      "acc": 0.9001721170395869,
      "per_class_acc": {
        "bag": 0.5882352941176471,
        "bin": 0.9,
        "box": 0.8571428571428571,
        "cabinet": 0.88,
        "chair": 1.0,
        "desk": 0.9333333333333333,
        "display": 0.9523809523809523,
        "door": 0.9285714285714286,
        "shelf": 0.9387755102040817,
        "table": 0.7777777777777778,
        "bed": 0.8636363636363636,
        "pillow": 0.8571428571428571,
        "sink": 0.875,
        "sofa": 0.9761904761904762,
        "toilet": 0.8823529411764706
      }
    },
    {
      "group_mode": "fps_knn",
      "condition": "random_keep20",
      "acc": 0.43029259896729777,
      "per_class_acc": {
        "bag": 0.6470588235294118,
        "bin": 0.2,
        "box": 0.7142857142857143,
        "cabinet": 0.05333333333333334,
        "chair": 0.9102564102564102,
        "desk": 0.3,
        "display": 0.5476190476190477,
        "door": 0.0,
        "shelf": 0.8775510204081632,
        "table": 0.7777777777777778,
        "bed": 0.09090909090909091,
        "pillow": 0.3333333333333333,
        "sink": 0.3333333333333333,
        "sofa": 0.047619047619047616,
        "toilet": 0.0
      }
    },
    {
      "group_mode": "fps_knn",
      "condition": "structured_keep20",
      "acc": 0.24784853700516352,
      "per_class_acc": {
        "bag": 0.0,
        "bin": 0.075,
        "box": 0.9642857142857143,
        "cabinet": 0.04,
        "chair": 0.38461538461538464,
        "desk": 0.03333333333333333,
        "display": 0.35714285714285715,
        "door": 0.023809523809523808,
        "shelf": 0.6530612244897959,
        "table": 0.5555555555555556,
        "bed": 0.0,
        "pillow": 0.09523809523809523,
        "sink": 0.0,
        "sofa": 0.0,
        "toilet": 0.0
      }
    },
    {
      "group_mode": "fps_knn",
      "condition": "xyz_zero",
      "acc": 0.09294320137693632,
      "per_class_acc": {
        "bag": 0.0,
        "bin": 0.0,
        "box": 0.0,
        "cabinet": 0.0,
        "chair": 0.0,
        "desk": 0.0,
        "display": 0.0,
        "door": 0.0,
        "shelf": 0.0,
        "table": 1.0,
        "bed": 0.0,
        "pillow": 0.0,
        "sink": 0.0,
        "sofa": 0.0,
        "toilet": 0.0
      }
    },
    {
      "group_mode": "random_center_knn",
      "condition": "clean",
      "acc": 0.8812392426850258,
      "per_class_acc": {
        "bag": 0.8823529411764706,
        "bin": 0.9,
        "box": 0.75,
        "cabinet": 0.9066666666666666,
        "chair": 0.9871794871794872,
        "desk": 0.7333333333333333,
        "display": 0.9523809523809523,
        "door": 0.9523809523809523,
        "shelf": 0.9387755102040817,
        "table": 0.7037037037037037,
        "bed": 0.8636363636363636,
        "pillow": 0.8571428571428571,
        "sink": 0.75,
        "sofa": 0.9523809523809523,
        "toilet": 0.8235294117647058
      }
    },
    {
      "group_mode": "random_center_knn",
      "condition": "random_keep20",
      "acc": 0.39414802065404475,
      "per_class_acc": {
        "bag": 0.4117647058823529,
        "bin": 0.075,
        "box": 0.75,
        "cabinet": 0.05333333333333334,
        "chair": 0.9358974358974359,
        "desk": 0.13333333333333333,
        "display": 0.5238095238095238,
        "door": 0.0,
        "shelf": 0.8163265306122449,
        "table": 0.7407407407407407,
        "bed": 0.0,
        "pillow": 0.38095238095238093,
        "sink": 0.2916666666666667,
        "sofa": 0.0,
        "toilet": 0.0
      }
    },
    {
      "group_mode": "random_center_knn",
      "condition": "structured_keep20",
      "acc": 0.18760757314974183,
      "per_class_acc": {
        "bag": 0.0,
        "bin": 0.025,
        "box": 0.8214285714285714,
        "cabinet": 0.0,
        "chair": 0.3333333333333333,
        "desk": 0.0,
        "display": 0.19047619047619047,
        "door": 0.0,
        "shelf": 0.5714285714285714,
        "table": 0.35185185185185186,
        "bed": 0.0,
        "pillow": 0.09523809523809523,
        "sink": 0.08333333333333333,
        "sofa": 0.0,
        "toilet": 0.0
      }
    },
    {
      "group_mode": "random_center_knn",
      "condition": "xyz_zero",
      "acc": 0.09294320137693632,
      "per_class_acc": {
        "bag": 0.0,
        "bin": 0.0,
        "box": 0.0,
        "cabinet": 0.0,
        "chair": 0.0,
        "desk": 0.0,
        "display": 0.0,
        "door": 0.0,
        "shelf": 0.0,
        "table": 1.0,
        "bed": 0.0,
        "pillow": 0.0,
        "sink": 0.0,
        "sofa": 0.0,
        "toilet": 0.0
      }
    },
    {
      "group_mode": "voxel_center_knn",
      "condition": "clean",
      "acc": 0.8881239242685026,
      "per_class_acc": {
        "bag": 0.7058823529411765,
        "bin": 0.9,
        "box": 0.8928571428571429,
        "cabinet": 0.8933333333333333,
        "chair": 0.9743589743589743,
        "desk": 0.8,
        "display": 0.9761904761904762,
        "door": 0.8809523809523809,
        "shelf": 0.9795918367346939,
        "table": 0.7222222222222222,
        "bed": 0.8181818181818182,
        "pillow": 0.8095238095238095,
        "sink": 0.8333333333333334,
        "sofa": 0.9761904761904762,
        "toilet": 0.8823529411764706
      }
    },
    {
      "group_mode": "voxel_center_knn",
      "condition": "random_keep20",
      "acc": 0.43717728055077454,
      "per_class_acc": {
        "bag": 0.7647058823529411,
        "bin": 0.2,
        "box": 0.75,
        "cabinet": 0.06666666666666667,
        "chair": 0.9358974358974359,
        "desk": 0.3,
        "display": 0.5952380952380952,
        "door": 0.0,
        "shelf": 0.8979591836734694,
        "table": 0.6851851851851852,
        "bed": 0.09090909090909091,
        "pillow": 0.47619047619047616,
        "sink": 0.2916666666666667,
        "sofa": 0.0,
        "toilet": 0.0
      }
    },
    {
      "group_mode": "voxel_center_knn",
      "condition": "structured_keep20",
      "acc": 0.2099827882960413,
      "per_class_acc": {
        "bag": 0.058823529411764705,
        "bin": 0.075,
        "box": 0.8214285714285714,
        "cabinet": 0.08,
        "chair": 0.32051282051282054,
        "desk": 0.0,
        "display": 0.2619047619047619,
        "door": 0.047619047619047616,
        "shelf": 0.6326530612244898,
        "table": 0.3333333333333333,
        "bed": 0.0,
        "pillow": 0.09523809523809523,
        "sink": 0.0,
        "sofa": 0.0,
        "toilet": 0.0
      }
    },
    {
      "group_mode": "voxel_center_knn",
      "condition": "xyz_zero",
      "acc": 0.09294320137693632,
      "per_class_acc": {
        "bag": 0.0,
        "bin": 0.0,
        "box": 0.0,
        "cabinet": 0.0,
        "chair": 0.0,
        "desk": 0.0,
        "display": 0.0,
        "door": 0.0,
        "shelf": 0.0,
        "table": 1.0,
        "bed": 0.0,
        "pillow": 0.0,
        "sink": 0.0,
        "sofa": 0.0,
        "toilet": 0.0
      }
    },
    {
      "group_mode": "radius_fps",
      "condition": "clean",
      "acc": 0.9070567986230637,
      "per_class_acc": {
        "bag": 0.7058823529411765,
        "bin": 0.9,
        "box": 0.8571428571428571,
        "cabinet": 0.8933333333333333,
        "chair": 0.9871794871794872,
        "desk": 0.9,
        "display": 0.9523809523809523,
        "door": 0.9285714285714286,
        "shelf": 1.0,
        "table": 0.7592592592592593,
        "bed": 0.9090909090909091,
        "pillow": 0.8095238095238095,
        "sink": 0.875,
        "sofa": 0.9761904761904762,
        "toilet": 0.9411764705882353
      }
    },
    {
      "group_mode": "radius_fps",
      "condition": "random_keep20",
      "acc": 0.45438898450946646,